[
   {
      "id": 198872143,
      "type": "submission",
      "client_guid": "18911F92-EEA4-43EA-AAC3-FBAB56CCCD6D",
      "form_id": 5082670,
      "submission_number": "00524",
      "submission_name": null,
      "created_at": "2024-01-26T19:11:00Z",
      "revision": false,
      "revised_at": null,
      "department_id": 595581,
      "user_id": 932785,
      "status": "completed"
   },
   {
      "id": 198527579,
      "type": "submission",
      "client_guid": "77907743-8F3E-4A89-9D63-652DDD95D0BC",
      "form_id": 5073723,
      "submission_number": "00517",
      "submission_name": null,
      "created_at": "2024-01-23T19:12:21Z",
      "revision": true,
      "revised_at": "2024-01-23T19:12:20Z",
      "department_id": 595581,
      "user_id": 1025033,
      "status": "completed"
   },
   {
      "id": 198022590,
      "type": "submission",
      "client_guid": "DDF8A04D-052E-4715-99C7-580C6DC9547A",
      "form_id": 4983856,
      "submission_number": "00486",
      "submission_name": null,
      "created_at": "2024-01-15T14:40:54Z",
      "revision": false,
      "revised_at": null,
      "department_id": 595581,
      "user_id": 1227502,
      "status": "completed"
   }
]